,tcr,index,peptide,activation
0,TCR1,NLVPMVATV,NLVPMVATV,2
1,TCR1,NLVPMVATV,ALVPMVATV,2
2,TCR1,NLVPMVATV,CLVPMVATV,2
3,TCR1,NLVPMVATV,DLVPMVATV,1
4,TCR1,NLVPMVATV,ELVPMVATV,2
5,TCR1,NLVPMVATV,FLVPMVATV,2
6,TCR1,NLVPMVATV,GLVPMVATV,2
7,TCR1,NLVPMVATV,HLVPMVATV,2
8,TCR1,NLVPMVATV,ILVPMVATV,2
9,TCR1,NLVPMVATV,KLVPMVATV,2
10,TCR1,NLVPMVATV,LLVPMVATV,2
11,TCR1,NLVPMVATV,MLVPMVATV,2
12,TCR1,NLVPMVATV,PLVPMVATV,2
13,TCR1,NLVPMVATV,QLVPMVATV,2
14,TCR1,NLVPMVATV,RLVPMVATV,2
15,TCR1,NLVPMVATV,SLVPMVATV,2
16,TCR1,NLVPMVATV,TLVPMVATV,2
17,TCR1,NLVPMVATV,VLVPMVATV,2
18,TCR1,NLVPMVATV,WLVPMVATV,2
19,TCR1,NLVPMVATV,YLVPMVATV,2
20,TCR1,NLVPMVATV,NAVPMVATV,1
21,TCR1,NLVPMVATV,NCVPMVATV,2
22,TCR1,NLVPMVATV,NDVPMVATV,2
23,TCR1,NLVPMVATV,NEVPMVATV,2
24,TCR1,NLVPMVATV,NFVPMVATV,2
25,TCR1,NLVPMVATV,NGVPMVATV,1
26,TCR1,NLVPMVATV,NHVPMVATV,2
27,TCR1,NLVPMVATV,NIVPMVATV,2
28,TCR1,NLVPMVATV,NKVPMVATV,1
29,TCR1,NLVPMVATV,NMVPMVATV,2
30,TCR1,NLVPMVATV,NNVPMVATV,2
31,TCR1,NLVPMVATV,NPVPMVATV,2
32,TCR1,NLVPMVATV,NQVPMVATV,2
33,TCR1,NLVPMVATV,NSVPMVATV,1
34,TCR1,NLVPMVATV,NTVPMVATV,2
35,TCR1,NLVPMVATV,NVVPMVATV,2
36,TCR1,NLVPMVATV,NWVPMVATV,2
37,TCR1,NLVPMVATV,NYVPMVATV,1
38,TCR1,NLVPMVATV,NRVPMVATV,0
39,TCR1,NLVPMVATV,NLAPMVATV,2
40,TCR1,NLVPMVATV,NLCPMVATV,2
41,TCR1,NLVPMVATV,NLIPMVATV,2
42,TCR1,NLVPMVATV,NLLPMVATV,2
43,TCR1,NLVPMVATV,NLMPMVATV,2
44,TCR1,NLVPMVATV,NLNPMVATV,2
45,TCR1,NLVPMVATV,NLPPMVATV,2
46,TCR1,NLVPMVATV,NLQPMVATV,2
47,TCR1,NLVPMVATV,NLRPMVATV,1
48,TCR1,NLVPMVATV,NLSPMVATV,2
49,TCR1,NLVPMVATV,NLTPMVATV,2
50,TCR1,NLVPMVATV,NLDPMVATV,0
51,TCR1,NLVPMVATV,NLEPMVATV,0
52,TCR1,NLVPMVATV,NLFPMVATV,0
53,TCR1,NLVPMVATV,NLGPMVATV,0
54,TCR1,NLVPMVATV,NLHPMVATV,0
55,TCR1,NLVPMVATV,NLKPMVATV,0
56,TCR1,NLVPMVATV,NLWPMVATV,0
57,TCR1,NLVPMVATV,NLYPMVATV,0
58,TCR1,NLVPMVATV,NLVAMVATV,2
59,TCR1,NLVPMVATV,NLVCMVATV,2
60,TCR1,NLVPMVATV,NLVDMVATV,2
61,TCR1,NLVPMVATV,NLVEMVATV,2
62,TCR1,NLVPMVATV,NLVFMVATV,2
63,TCR1,NLVPMVATV,NLVGMVATV,2
64,TCR1,NLVPMVATV,NLVHMVATV,2
65,TCR1,NLVPMVATV,NLVIMVATV,1
66,TCR1,NLVPMVATV,NLVKMVATV,2
67,TCR1,NLVPMVATV,NLVLMVATV,2
68,TCR1,NLVPMVATV,NLVMMVATV,2
69,TCR1,NLVPMVATV,NLVNMVATV,2
70,TCR1,NLVPMVATV,NLVQMVATV,2
71,TCR1,NLVPMVATV,NLVSMVATV,2
72,TCR1,NLVPMVATV,NLVTMVATV,2
73,TCR1,NLVPMVATV,NLVVMVATV,1
74,TCR1,NLVPMVATV,NLVWMVATV,2
75,TCR1,NLVPMVATV,NLVYMVATV,2
76,TCR1,NLVPMVATV,NLVRMVATV,0
77,TCR1,NLVPMVATV,NLVPGVATV,1
78,TCR1,NLVPMVATV,NLVPLVATV,2
79,TCR1,NLVPMVATV,NLVPAVATV,0
80,TCR1,NLVPMVATV,NLVPCVATV,0
81,TCR1,NLVPMVATV,NLVPDVATV,0
82,TCR1,NLVPMVATV,NLVPEVATV,0
83,TCR1,NLVPMVATV,NLVPFVATV,0
84,TCR1,NLVPMVATV,NLVPHVATV,0
85,TCR1,NLVPMVATV,NLVPIVATV,0
86,TCR1,NLVPMVATV,NLVPKVATV,0
87,TCR1,NLVPMVATV,NLVPNVATV,0
88,TCR1,NLVPMVATV,NLVPPVATV,0
89,TCR1,NLVPMVATV,NLVPQVATV,0
90,TCR1,NLVPMVATV,NLVPRVATV,0
91,TCR1,NLVPMVATV,NLVPSVATV,0
92,TCR1,NLVPMVATV,NLVPTVATV,0
93,TCR1,NLVPMVATV,NLVPVVATV,0
94,TCR1,NLVPMVATV,NLVPWVATV,0
95,TCR1,NLVPMVATV,NLVPYVATV,0
96,TCR1,NLVPMVATV,NLVPMAATV,2
97,TCR1,NLVPMVATV,NLVPMCATV,2
98,TCR1,NLVPMVATV,NLVPMIATV,2
99,TCR1,NLVPMVATV,NLVPMLATV,2
100,TCR1,NLVPMVATV,NLVPMMATV,2
101,TCR1,NLVPMVATV,NLVPMNATV,1
102,TCR1,NLVPMVATV,NLVPMPATV,1
103,TCR1,NLVPMVATV,NLVPMRATV,1
104,TCR1,NLVPMVATV,NLVPMTATV,2
105,TCR1,NLVPMVATV,NLVPMDATV,0
106,TCR1,NLVPMVATV,NLVPMEATV,0
107,TCR1,NLVPMVATV,NLVPMFATV,0
108,TCR1,NLVPMVATV,NLVPMGATV,0
109,TCR1,NLVPMVATV,NLVPMHATV,0
110,TCR1,NLVPMVATV,NLVPMKATV,0
111,TCR1,NLVPMVATV,NLVPMQATV,0
112,TCR1,NLVPMVATV,NLVPMSATV,0
113,TCR1,NLVPMVATV,NLVPMWATV,0
114,TCR1,NLVPMVATV,NLVPMYATV,0
115,TCR1,NLVPMVATV,NLVPMVGTV,2
116,TCR1,NLVPMVATV,NLVPMVPTV,2
117,TCR1,NLVPMVATV,NLVPMVSTV,2
118,TCR1,NLVPMVATV,NLVPMVCTV,0
119,TCR1,NLVPMVATV,NLVPMVDTV,0
120,TCR1,NLVPMVATV,NLVPMVETV,0
121,TCR1,NLVPMVATV,NLVPMVFTV,0
122,TCR1,NLVPMVATV,NLVPMVHTV,0
123,TCR1,NLVPMVATV,NLVPMVITV,0
124,TCR1,NLVPMVATV,NLVPMVKTV,0
125,TCR1,NLVPMVATV,NLVPMVLTV,0
126,TCR1,NLVPMVATV,NLVPMVMTV,0
127,TCR1,NLVPMVATV,NLVPMVNTV,0
128,TCR1,NLVPMVATV,NLVPMVQTV,0
129,TCR1,NLVPMVATV,NLVPMVRTV,0
130,TCR1,NLVPMVATV,NLVPMVTTV,0
131,TCR1,NLVPMVATV,NLVPMVVTV,0
132,TCR1,NLVPMVATV,NLVPMVWTV,0
133,TCR1,NLVPMVATV,NLVPMVYTV,0
134,TCR1,NLVPMVATV,NLVPMVAAV,2
135,TCR1,NLVPMVATV,NLVPMVACV,2
136,TCR1,NLVPMVATV,NLVPMVADV,2
137,TCR1,NLVPMVATV,NLVPMVAIV,2
138,TCR1,NLVPMVATV,NLVPMVAKV,2
139,TCR1,NLVPMVATV,NLVPMVAMV,2
140,TCR1,NLVPMVATV,NLVPMVARV,2
141,TCR1,NLVPMVATV,NLVPMVASV,2
142,TCR1,NLVPMVATV,NLVPMVAVV,2
143,TCR1,NLVPMVATV,NLVPMVAWV,2
144,TCR1,NLVPMVATV,NLVPMVAEV,0
145,TCR1,NLVPMVATV,NLVPMVAFV,0
146,TCR1,NLVPMVATV,NLVPMVAGV,0
147,TCR1,NLVPMVATV,NLVPMVAHV,0
148,TCR1,NLVPMVATV,NLVPMVALV,0
149,TCR1,NLVPMVATV,NLVPMVANV,0
150,TCR1,NLVPMVATV,NLVPMVAPV,0
151,TCR1,NLVPMVATV,NLVPMVAQV,0
152,TCR1,NLVPMVATV,NLVPMVAYV,0
153,TCR1,NLVPMVATV,NLVPMVATA,1
154,TCR1,NLVPMVATV,NLVPMVATC,2
155,TCR1,NLVPMVATV,NLVPMVATG,2
156,TCR1,NLVPMVATV,NLVPMVATI,2
157,TCR1,NLVPMVATV,NLVPMVATL,1
158,TCR1,NLVPMVATV,NLVPMVATM,2
159,TCR1,NLVPMVATV,NLVPMVATN,2
160,TCR1,NLVPMVATV,NLVPMVATP,1
161,TCR1,NLVPMVATV,NLVPMVATQ,2
162,TCR1,NLVPMVATV,NLVPMVATS,1
163,TCR1,NLVPMVATV,NLVPMVATT,1
164,TCR1,NLVPMVATV,NLVPMVATW,1
165,TCR1,NLVPMVATV,NLVPMVATY,2
166,TCR1,NLVPMVATV,NLVPMVATD,0
167,TCR1,NLVPMVATV,NLVPMVATE,0
168,TCR1,NLVPMVATV,NLVPMVATF,0
169,TCR1,NLVPMVATV,NLVPMVATH,0
170,TCR1,NLVPMVATV,NLVPMVATK,0
171,TCR1,NLVPMVATV,NLVPMVATR,0
172,TCR1,NLVPMVATV,NLVPMVATV,2
173,TCR1,NLVPMVATV,ALVPMVATV,2
174,TCR1,NLVPMVATV,CLVPMVATV,2
175,TCR1,NLVPMVATV,DLVPMVATV,2
176,TCR1,NLVPMVATV,ELVPMVATV,2
177,TCR1,NLVPMVATV,FLVPMVATV,2
178,TCR1,NLVPMVATV,GLVPMVATV,2
179,TCR1,NLVPMVATV,HLVPMVATV,2
180,TCR1,NLVPMVATV,ILVPMVATV,2
181,TCR1,NLVPMVATV,KLVPMVATV,2
182,TCR1,NLVPMVATV,LLVPMVATV,2
183,TCR1,NLVPMVATV,MLVPMVATV,2
184,TCR1,NLVPMVATV,PLVPMVATV,2
185,TCR1,NLVPMVATV,RLVPMVATV,2
186,TCR1,NLVPMVATV,SLVPMVATV,2
187,TCR1,NLVPMVATV,TLVPMVATV,2
188,TCR1,NLVPMVATV,VLVPMVATV,2
189,TCR1,NLVPMVATV,WLVPMVATV,2
190,TCR1,NLVPMVATV,YLVPMVATV,2
191,TCR1,NLVPMVATV,QLVPMVATV,2
192,TCR1,NLVPMVATV,NAVPMVATV,2
193,TCR1,NLVPMVATV,NCVPMVATV,2
194,TCR1,NLVPMVATV,NDVPMVATV,2
195,TCR1,NLVPMVATV,NEVPMVATV,2
196,TCR1,NLVPMVATV,NFVPMVATV,2
197,TCR1,NLVPMVATV,NGVPMVATV,2
198,TCR1,NLVPMVATV,NHVPMVATV,2
199,TCR1,NLVPMVATV,NKVPMVATV,2
200,TCR1,NLVPMVATV,NMVPMVATV,2
201,TCR1,NLVPMVATV,NNVPMVATV,2
202,TCR1,NLVPMVATV,NPVPMVATV,2
203,TCR1,NLVPMVATV,NQVPMVATV,2
204,TCR1,NLVPMVATV,NSVPMVATV,2
205,TCR1,NLVPMVATV,NTVPMVATV,2
206,TCR1,NLVPMVATV,NVVPMVATV,2
207,TCR1,NLVPMVATV,NWVPMVATV,2
208,TCR1,NLVPMVATV,NYVPMVATV,2
209,TCR1,NLVPMVATV,NIVPMVATV,2
210,TCR1,NLVPMVATV,NRVPMVATV,0
211,TCR1,NLVPMVATV,NLCPMVATV,2
212,TCR1,NLVPMVATV,NLDPMVATV,2
213,TCR1,NLVPMVATV,NLEPMVATV,2
214,TCR1,NLVPMVATV,NLGPMVATV,2
215,TCR1,NLVPMVATV,NLHPMVATV,1
216,TCR1,NLVPMVATV,NLIPMVATV,2
217,TCR1,NLVPMVATV,NLLPMVATV,2
218,TCR1,NLVPMVATV,NLNPMVATV,2
219,TCR1,NLVPMVATV,NLPPMVATV,2
220,TCR1,NLVPMVATV,NLQPMVATV,2
221,TCR1,NLVPMVATV,NLRPMVATV,2
222,TCR1,NLVPMVATV,NLSPMVATV,2
223,TCR1,NLVPMVATV,NLTPMVATV,2
224,TCR1,NLVPMVATV,NLAPMVATV,2
225,TCR1,NLVPMVATV,NLFPMVATV,0
226,TCR1,NLVPMVATV,NLKPMVATV,0
227,TCR1,NLVPMVATV,NLMPMVATV,0
228,TCR1,NLVPMVATV,NLWPMVATV,0
229,TCR1,NLVPMVATV,NLYPMVATV,0
230,TCR1,NLVPMVATV,NLVAMVATV,2
231,TCR1,NLVPMVATV,NLVDMVATV,2
232,TCR1,NLVPMVATV,NLVWMVATV,1
233,TCR1,NLVPMVATV,NLVGMVATV,2
234,TCR1,NLVPMVATV,NLVCMVATV,0
235,TCR1,NLVPMVATV,NLVEMVATV,0
236,TCR1,NLVPMVATV,NLVFMVATV,0
237,TCR1,NLVPMVATV,NLVHMVATV,0
238,TCR1,NLVPMVATV,NLVIMVATV,0
239,TCR1,NLVPMVATV,NLVKMVATV,0
240,TCR1,NLVPMVATV,NLVLMVATV,0
241,TCR1,NLVPMVATV,NLVMMVATV,0
242,TCR1,NLVPMVATV,NLVNMVATV,0
243,TCR1,NLVPMVATV,NLVQMVATV,0
244,TCR1,NLVPMVATV,NLVRMVATV,0
245,TCR1,NLVPMVATV,NLVSMVATV,0
246,TCR1,NLVPMVATV,NLVTMVATV,0
247,TCR1,NLVPMVATV,NLVVMVATV,0
248,TCR1,NLVPMVATV,NLVYMVATV,0
249,TCR1,NLVPMVATV,NLVPHVATV,1
250,TCR1,NLVPMVATV,NLVPKVATV,1
251,TCR1,NLVPMVATV,NLVPLVATV,2
252,TCR1,NLVPMVATV,NLVPNVATV,1
253,TCR1,NLVPMVATV,NLVPPVATV,1
254,TCR1,NLVPMVATV,NLVPSVATV,2
255,TCR1,NLVPMVATV,NLVPWVATV,1
256,TCR1,NLVPMVATV,NLVPAVATV,0
257,TCR1,NLVPMVATV,NLVPCVATV,0
258,TCR1,NLVPMVATV,NLVPDVATV,0
259,TCR1,NLVPMVATV,NLVPEVATV,0
260,TCR1,NLVPMVATV,NLVPFVATV,0
261,TCR1,NLVPMVATV,NLVPGVATV,0
262,TCR1,NLVPMVATV,NLVPQVATV,0
263,TCR1,NLVPMVATV,NLVPRVATV,0
264,TCR1,NLVPMVATV,NLVPTVATV,0
265,TCR1,NLVPMVATV,NLVPVVATV,0
266,TCR1,NLVPMVATV,NLVPYVATV,0
267,TCR1,NLVPMVATV,NLVPIVATV,0
268,TCR1,NLVPMVATV,NLVPMCATV,2
269,TCR1,NLVPMVATV,NLVPMDATV,1
270,TCR1,NLVPMVATV,NLVPMIATV,2
271,TCR1,NLVPMVATV,NLVPMLATV,2
272,TCR1,NLVPMVATV,NLVPMMATV,2
273,TCR1,NLVPMVATV,NLVPMRATV,2
274,TCR1,NLVPMVATV,NLVPMTATV,2
275,TCR1,NLVPMVATV,NLVPMEATV,0
276,TCR1,NLVPMVATV,NLVPMFATV,0
277,TCR1,NLVPMVATV,NLVPMGATV,0
278,TCR1,NLVPMVATV,NLVPMHATV,0
279,TCR1,NLVPMVATV,NLVPMKATV,0
280,TCR1,NLVPMVATV,NLVPMNATV,0
281,TCR1,NLVPMVATV,NLVPMPATV,0
282,TCR1,NLVPMVATV,NLVPMQATV,0
283,TCR1,NLVPMVATV,NLVPMSATV,0
284,TCR1,NLVPMVATV,NLVPMWATV,0
285,TCR1,NLVPMVATV,NLVPMYATV,0
286,TCR1,NLVPMVATV,NLVPMAATV,0
287,TCR1,NLVPMVATV,NLVPMVCTV,2
288,TCR1,NLVPMVATV,NLVPMVGTV,2
289,TCR1,NLVPMVATV,NLVPMVNTV,1
290,TCR1,NLVPMVATV,NLVPMVSTV,2
291,TCR1,NLVPMVATV,NLVPMVDTV,0
292,TCR1,NLVPMVATV,NLVPMVETV,0
293,TCR1,NLVPMVATV,NLVPMVFTV,0
294,TCR1,NLVPMVATV,NLVPMVHTV,0
295,TCR1,NLVPMVATV,NLVPMVITV,0
296,TCR1,NLVPMVATV,NLVPMVKTV,0
297,TCR1,NLVPMVATV,NLVPMVLTV,0
298,TCR1,NLVPMVATV,NLVPMVMTV,0
299,TCR1,NLVPMVATV,NLVPMVPTV,0
300,TCR1,NLVPMVATV,NLVPMVQTV,0
301,TCR1,NLVPMVATV,NLVPMVRTV,0
302,TCR1,NLVPMVATV,NLVPMVTTV,0
303,TCR1,NLVPMVATV,NLVPMVWTV,0
304,TCR1,NLVPMVATV,NLVPMVYTV,0
305,TCR1,NLVPMVATV,NLVPMVVTV,0
306,TCR1,NLVPMVATV,NLVPMVACV,2
307,TCR1,NLVPMVATV,NLVPMVASV,2
308,TCR1,NLVPMVATV,NLVPMVAWV,2
309,TCR1,NLVPMVATV,NLVPMVAAV,0
310,TCR1,NLVPMVATV,NLVPMVADV,0
311,TCR1,NLVPMVATV,NLVPMVAEV,0
312,TCR1,NLVPMVATV,NLVPMVAFV,0
313,TCR1,NLVPMVATV,NLVPMVAGV,0
314,TCR1,NLVPMVATV,NLVPMVAHV,0
315,TCR1,NLVPMVATV,NLVPMVAIV,0
316,TCR1,NLVPMVATV,NLVPMVAKV,0
317,TCR1,NLVPMVATV,NLVPMVALV,0
318,TCR1,NLVPMVATV,NLVPMVAMV,0
319,TCR1,NLVPMVATV,NLVPMVAPV,0
320,TCR1,NLVPMVATV,NLVPMVAQV,0
321,TCR1,NLVPMVATV,NLVPMVARV,0
322,TCR1,NLVPMVATV,NLVPMVAVV,0
323,TCR1,NLVPMVATV,NLVPMVAYV,0
324,TCR1,NLVPMVATV,NLVPMVANV,0
325,TCR1,NLVPMVATV,NLVPMVATC,2
326,TCR1,NLVPMVATV,NLVPMVATE,1
327,TCR1,NLVPMVATV,NLVPMVATF,2
328,TCR1,NLVPMVATV,NLVPMVATG,2
329,TCR1,NLVPMVATV,NLVPMVATI,2
330,TCR1,NLVPMVATV,NLVPMVATL,2
331,TCR1,NLVPMVATV,NLVPMVATM,2
332,TCR1,NLVPMVATV,NLVPMVATP,2
333,TCR1,NLVPMVATV,NLVPMVATS,2
334,TCR1,NLVPMVATV,NLVPMVATT,2
335,TCR1,NLVPMVATV,NLVPMVATW,2
336,TCR1,NLVPMVATV,NLVPMVATY,1
337,TCR1,NLVPMVATV,NLVPMVATA,2
338,TCR1,NLVPMVATV,NLVPMVATD,0
339,TCR1,NLVPMVATV,NLVPMVATH,0
340,TCR1,NLVPMVATV,NLVPMVATK,0
341,TCR1,NLVPMVATV,NLVPMVATN,0
342,TCR1,NLVPMVATV,NLVPMVATQ,0
343,TCR1,NLVPMVATV,NLVPMVATR,0
344,TCR1,NLVPMVATV,NLVPMVATV,2
345,TCR1,NLVPMVATV,DLVPMVATV,1
346,TCR1,NLVPMVATV,ILVPMVATV,2
347,TCR1,NLVPMVATV,PLVPMVATV,2
348,TCR1,NLVPMVATV,QLVPMVATV,2
349,TCR1,NLVPMVATV,TLVPMVATV,2
350,TCR1,NLVPMVATV,VLVPMVATV,2
351,TCR1,NLVPMVATV,ALVPMVATV,0
352,TCR1,NLVPMVATV,CLVPMVATV,0
353,TCR1,NLVPMVATV,ELVPMVATV,0
354,TCR1,NLVPMVATV,FLVPMVATV,0
355,TCR1,NLVPMVATV,GLVPMVATV,0
356,TCR1,NLVPMVATV,HLVPMVATV,0
357,TCR1,NLVPMVATV,KLVPMVATV,0
358,TCR1,NLVPMVATV,LLVPMVATV,0
359,TCR1,NLVPMVATV,MLVPMVATV,0
360,TCR1,NLVPMVATV,RLVPMVATV,0
361,TCR1,NLVPMVATV,SLVPMVATV,0
362,TCR1,NLVPMVATV,WLVPMVATV,0
363,TCR1,NLVPMVATV,YLVPMVATV,0
364,TCR1,NLVPMVATV,NAVPMVATV,1
365,TCR1,NLVPMVATV,NCVPMVATV,2
366,TCR1,NLVPMVATV,NDVPMVATV,1
367,TCR1,NLVPMVATV,NEVPMVATV,1
368,TCR1,NLVPMVATV,NFVPMVATV,1
369,TCR1,NLVPMVATV,NGVPMVATV,1
370,TCR1,NLVPMVATV,NHVPMVATV,1
371,TCR1,NLVPMVATV,NIVPMVATV,2
372,TCR1,NLVPMVATV,NKVPMVATV,1
373,TCR1,NLVPMVATV,NMVPMVATV,2
374,TCR1,NLVPMVATV,NNVPMVATV,1
375,TCR1,NLVPMVATV,NPVPMVATV,1
376,TCR1,NLVPMVATV,NQVPMVATV,2
377,TCR1,NLVPMVATV,NRVPMVATV,1
378,TCR1,NLVPMVATV,NSVPMVATV,1
379,TCR1,NLVPMVATV,NTVPMVATV,2
380,TCR1,NLVPMVATV,NVVPMVATV,2
381,TCR1,NLVPMVATV,NWVPMVATV,1
382,TCR1,NLVPMVATV,NYVPMVATV,1
383,TCR1,NLVPMVATV,NLAPMVATV,2
384,TCR1,NLVPMVATV,NLCPMVATV,2
385,TCR1,NLVPMVATV,NLEPMVATV,2
386,TCR1,NLVPMVATV,NLIPMVATV,2
387,TCR1,NLVPMVATV,NLKPMVATV,2
388,TCR1,NLVPMVATV,NLLPMVATV,2
389,TCR1,NLVPMVATV,NLMPMVATV,2
390,TCR1,NLVPMVATV,NLPPMVATV,2
391,TCR1,NLVPMVATV,NLQPMVATV,2
392,TCR1,NLVPMVATV,NLRPMVATV,1
393,TCR1,NLVPMVATV,NLTPMVATV,2
394,TCR1,NLVPMVATV,NLWPMVATV,1
395,TCR1,NLVPMVATV,NLDPMVATV,0
396,TCR1,NLVPMVATV,NLFPMVATV,0
397,TCR1,NLVPMVATV,NLGPMVATV,0
398,TCR1,NLVPMVATV,NLHPMVATV,0
399,TCR1,NLVPMVATV,NLNPMVATV,0
400,TCR1,NLVPMVATV,NLSPMVATV,0
401,TCR1,NLVPMVATV,NLYPMVATV,0
402,TCR1,NLVPMVATV,NLVAMVATV,2
403,TCR1,NLVPMVATV,NLVCMVATV,2
404,TCR1,NLVPMVATV,NLVDMVATV,2
405,TCR1,NLVPMVATV,NLVEMVATV,1
406,TCR1,NLVPMVATV,NLVGMVATV,2
407,TCR1,NLVPMVATV,NLVHMVATV,1
408,TCR1,NLVPMVATV,NLVIMVATV,1
409,TCR1,NLVPMVATV,NLVKMVATV,1
410,TCR1,NLVPMVATV,NLVMMVATV,2
411,TCR1,NLVPMVATV,NLVRMVATV,1
412,TCR1,NLVPMVATV,NLVSMVATV,2
413,TCR1,NLVPMVATV,NLVYMVATV,1
414,TCR1,NLVPMVATV,NLVFMVATV,0
415,TCR1,NLVPMVATV,NLVLMVATV,0
416,TCR1,NLVPMVATV,NLVNMVATV,0
417,TCR1,NLVPMVATV,NLVQMVATV,0
418,TCR1,NLVPMVATV,NLVTMVATV,0
419,TCR1,NLVPMVATV,NLVVMVATV,0
420,TCR1,NLVPMVATV,NLVWMVATV,0
421,TCR1,NLVPMVATV,NLVPCVATV,2
422,TCR1,NLVPMVATV,NLVPNVATV,1
423,TCR1,NLVPMVATV,NLVPAVATV,0
424,TCR1,NLVPMVATV,NLVPDVATV,0
425,TCR1,NLVPMVATV,NLVPEVATV,0
426,TCR1,NLVPMVATV,NLVPFVATV,0
427,TCR1,NLVPMVATV,NLVPGVATV,0
428,TCR1,NLVPMVATV,NLVPHVATV,0
429,TCR1,NLVPMVATV,NLVPKVATV,0
430,TCR1,NLVPMVATV,NLVPLVATV,0
431,TCR1,NLVPMVATV,NLVPPVATV,0
432,TCR1,NLVPMVATV,NLVPQVATV,0
433,TCR1,NLVPMVATV,NLVPRVATV,0
434,TCR1,NLVPMVATV,NLVPSVATV,0
435,TCR1,NLVPMVATV,NLVPTVATV,0
436,TCR1,NLVPMVATV,NLVPVVATV,0
437,TCR1,NLVPMVATV,NLVPWVATV,0
438,TCR1,NLVPMVATV,NLVPYVATV,0
439,TCR1,NLVPMVATV,NLVPIVATV,0
440,TCR1,NLVPMVATV,NLVPMAATV,1
441,TCR1,NLVPMVATV,NLVPMCATV,2
442,TCR1,NLVPMVATV,NLVPMGATV,1
443,TCR1,NLVPMVATV,NLVPMIATV,2
444,TCR1,NLVPMVATV,NLVPMKATV,1
445,TCR1,NLVPMVATV,NLVPMLATV,2
446,TCR1,NLVPMVATV,NLVPMMATV,2
447,TCR1,NLVPMVATV,NLVPMQATV,2
448,TCR1,NLVPMVATV,NLVPMRATV,2
449,TCR1,NLVPMVATV,NLVPMSATV,2
450,TCR1,NLVPMVATV,NLVPMTATV,2
451,TCR1,NLVPMVATV,NLVPMWATV,1
452,TCR1,NLVPMVATV,NLVPMYATV,2
453,TCR1,NLVPMVATV,NLVPMDATV,0
454,TCR1,NLVPMVATV,NLVPMEATV,0
455,TCR1,NLVPMVATV,NLVPMFATV,0
456,TCR1,NLVPMVATV,NLVPMHATV,0
457,TCR1,NLVPMVATV,NLVPMNATV,0
458,TCR1,NLVPMVATV,NLVPMPATV,0
459,TCR1,NLVPMVATV,NLVPMVCTV,2
460,TCR1,NLVPMVATV,NLVPMVDTV,2
461,TCR1,NLVPMVATV,NLVPMVETV,2
462,TCR1,NLVPMVATV,NLVPMVGTV,2
463,TCR1,NLVPMVATV,NLVPMVHTV,2
464,TCR1,NLVPMVATV,NLVPMVITV,2
465,TCR1,NLVPMVATV,NLVPMVMTV,2
466,TCR1,NLVPMVATV,NLVPMVNTV,2
467,TCR1,NLVPMVATV,NLVPMVQTV,2
468,TCR1,NLVPMVATV,NLVPMVSTV,2
469,TCR1,NLVPMVATV,NLVPMVTTV,2
470,TCR1,NLVPMVATV,NLVPMVVTV,2
471,TCR1,NLVPMVATV,NLVPMVFTV,0
472,TCR1,NLVPMVATV,NLVPMVKTV,0
473,TCR1,NLVPMVATV,NLVPMVLTV,0
474,TCR1,NLVPMVATV,NLVPMVPTV,0
475,TCR1,NLVPMVATV,NLVPMVRTV,0
476,TCR1,NLVPMVATV,NLVPMVWTV,0
477,TCR1,NLVPMVATV,NLVPMVYTV,0
478,TCR1,NLVPMVATV,NLVPMVAAV,2
479,TCR1,NLVPMVATV,NLVPMVACV,2
480,TCR1,NLVPMVATV,NLVPMVADV,2
481,TCR1,NLVPMVATV,NLVPMVAGV,2
482,TCR1,NLVPMVATV,NLVPMVAHV,2
483,TCR1,NLVPMVATV,NLVPMVAIV,2
484,TCR1,NLVPMVATV,NLVPMVAKV,2
485,TCR1,NLVPMVATV,NLVPMVANV,2
486,TCR1,NLVPMVATV,NLVPMVARV,2
487,TCR1,NLVPMVATV,NLVPMVASV,2
488,TCR1,NLVPMVATV,NLVPMVAVV,2
489,TCR1,NLVPMVATV,NLVPMVAWV,1
490,TCR1,NLVPMVATV,NLVPMVAEV,0
491,TCR1,NLVPMVATV,NLVPMVAFV,0
492,TCR1,NLVPMVATV,NLVPMVALV,0
493,TCR1,NLVPMVATV,NLVPMVAMV,0
494,TCR1,NLVPMVATV,NLVPMVAPV,0
495,TCR1,NLVPMVATV,NLVPMVAQV,0
496,TCR1,NLVPMVATV,NLVPMVAYV,0
497,TCR1,NLVPMVATV,NLVPMVATA,2
498,TCR1,NLVPMVATV,NLVPMVATC,2
499,TCR1,NLVPMVATV,NLVPMVATD,1
500,TCR1,NLVPMVATV,NLVPMVATE,1
501,TCR1,NLVPMVATV,NLVPMVATF,1
502,TCR1,NLVPMVATV,NLVPMVATG,1
503,TCR1,NLVPMVATV,NLVPMVATH,1
504,TCR1,NLVPMVATV,NLVPMVATI,2
505,TCR1,NLVPMVATV,NLVPMVATK,1
506,TCR1,NLVPMVATV,NLVPMVATL,2
507,TCR1,NLVPMVATV,NLVPMVATM,2
508,TCR1,NLVPMVATV,NLVPMVATN,1
509,TCR1,NLVPMVATV,NLVPMVATP,1
510,TCR1,NLVPMVATV,NLVPMVATQ,1
511,TCR1,NLVPMVATV,NLVPMVATR,1
512,TCR1,NLVPMVATV,NLVPMVATS,2
513,TCR1,NLVPMVATV,NLVPMVATT,1
514,TCR1,NLVPMVATV,NLVPMVATW,1
515,TCR1,NLVPMVATV,NLVPMVATY,1
516,TCR1,IMDQVPFSV,IMDQVPFSV,2
517,TCR1,IMDQVPFSV,AMDQVPFSV,0
518,TCR1,IMDQVPFSV,CMDQVPFSV,0
519,TCR1,IMDQVPFSV,DMDQVPFSV,0
520,TCR1,IMDQVPFSV,EMDQVPFSV,0
521,TCR1,IMDQVPFSV,FMDQVPFSV,0
522,TCR1,IMDQVPFSV,GMDQVPFSV,0
523,TCR1,IMDQVPFSV,HMDQVPFSV,0
524,TCR1,IMDQVPFSV,KMDQVPFSV,0
525,TCR1,IMDQVPFSV,LMDQVPFSV,1
526,TCR1,IMDQVPFSV,MMDQVPFSV,0
527,TCR1,IMDQVPFSV,NMDQVPFSV,0
528,TCR1,IMDQVPFSV,PMDQVPFSV,0
529,TCR1,IMDQVPFSV,QMDQVPFSV,0
530,TCR1,IMDQVPFSV,RMDQVPFSV,0
531,TCR1,IMDQVPFSV,SMDQVPFSV,0
532,TCR1,IMDQVPFSV,TMDQVPFSV,0
533,TCR1,IMDQVPFSV,VMDQVPFSV,2
534,TCR1,IMDQVPFSV,WMDQVPFSV,0
535,TCR1,IMDQVPFSV,YMDQVPFSV,0
536,TCR1,IMDQVPFSV,IADQVPFSV,1
537,TCR1,IMDQVPFSV,ICDQVPFSV,0
538,TCR1,IMDQVPFSV,IDDQVPFSV,0
539,TCR1,IMDQVPFSV,IEDQVPFSV,0
540,TCR1,IMDQVPFSV,IFDQVPFSV,1
541,TCR1,IMDQVPFSV,IGDQVPFSV,0
542,TCR1,IMDQVPFSV,IHDQVPFSV,0
543,TCR1,IMDQVPFSV,IIDQVPFSV,1
544,TCR1,IMDQVPFSV,IKDQVPFSV,1
545,TCR1,IMDQVPFSV,ILDQVPFSV,2
546,TCR1,IMDQVPFSV,INDQVPFSV,0
547,TCR1,IMDQVPFSV,IPDQVPFSV,0
548,TCR1,IMDQVPFSV,IQDQVPFSV,1
549,TCR1,IMDQVPFSV,IRDQVPFSV,1
550,TCR1,IMDQVPFSV,ISDQVPFSV,1
551,TCR1,IMDQVPFSV,ITDQVPFSV,1
552,TCR1,IMDQVPFSV,IVDQVPFSV,1
553,TCR1,IMDQVPFSV,IWDQVPFSV,0
554,TCR1,IMDQVPFSV,IYDQVPFSV,1
555,TCR1,IMDQVPFSV,IMAQVPFSV,0
556,TCR1,IMDQVPFSV,IMCQVPFSV,0
557,TCR1,IMDQVPFSV,IMEQVPFSV,0
558,TCR1,IMDQVPFSV,IMFQVPFSV,0
559,TCR1,IMDQVPFSV,IMGQVPFSV,0
560,TCR1,IMDQVPFSV,IMHQVPFSV,0
561,TCR1,IMDQVPFSV,IMIQVPFSV,0
562,TCR1,IMDQVPFSV,IMKQVPFSV,0
563,TCR1,IMDQVPFSV,IMLQVPFSV,0
564,TCR1,IMDQVPFSV,IMMQVPFSV,0
565,TCR1,IMDQVPFSV,IMNQVPFSV,1
566,TCR1,IMDQVPFSV,IMPQVPFSV,0
567,TCR1,IMDQVPFSV,IMQQVPFSV,0
568,TCR1,IMDQVPFSV,IMRQVPFSV,0
569,TCR1,IMDQVPFSV,IMSQVPFSV,0
570,TCR1,IMDQVPFSV,IMTQVPFSV,0
571,TCR1,IMDQVPFSV,IMVQVPFSV,0
572,TCR1,IMDQVPFSV,IMWQVPFSV,0
573,TCR1,IMDQVPFSV,IMYQVPFSV,0
574,TCR1,IMDQVPFSV,IMDAVPFSV,0
575,TCR1,IMDQVPFSV,IMDCVPFSV,0
576,TCR1,IMDQVPFSV,IMDDVPFSV,0
577,TCR1,IMDQVPFSV,IMDEVPFSV,0
578,TCR1,IMDQVPFSV,IMDFVPFSV,0
579,TCR1,IMDQVPFSV,IMDGVPFSV,0
580,TCR1,IMDQVPFSV,IMDHVPFSV,0
581,TCR1,IMDQVPFSV,IMDIVPFSV,0
582,TCR1,IMDQVPFSV,IMDKVPFSV,0
583,TCR1,IMDQVPFSV,IMDLVPFSV,0
584,TCR1,IMDQVPFSV,IMDMVPFSV,0
585,TCR1,IMDQVPFSV,IMDNVPFSV,0
586,TCR1,IMDQVPFSV,IMDPVPFSV,0
587,TCR1,IMDQVPFSV,IMDRVPFSV,0
588,TCR1,IMDQVPFSV,IMDSVPFSV,0
589,TCR1,IMDQVPFSV,IMDTVPFSV,0
590,TCR1,IMDQVPFSV,IMDVVPFSV,0
591,TCR1,IMDQVPFSV,IMDWVPFSV,0
592,TCR1,IMDQVPFSV,IMDYVPFSV,0
593,TCR1,IMDQVPFSV,IMDQAPFSV,0
594,TCR1,IMDQVPFSV,IMDQCPFSV,1
595,TCR1,IMDQVPFSV,IMDQDPFSV,0
596,TCR1,IMDQVPFSV,IMDQEPFSV,0
597,TCR1,IMDQVPFSV,IMDQFPFSV,1
598,TCR1,IMDQVPFSV,IMDQGPFSV,0
599,TCR1,IMDQVPFSV,IMDQHPFSV,0
600,TCR1,IMDQVPFSV,IMDQIPFSV,2
601,TCR1,IMDQVPFSV,IMDQKPFSV,0
602,TCR1,IMDQVPFSV,IMDQLPFSV,2
603,TCR1,IMDQVPFSV,IMDQMPFSV,0
604,TCR1,IMDQVPFSV,IMDQNPFSV,0
605,TCR1,IMDQVPFSV,IMDQPPFSV,0
606,TCR1,IMDQVPFSV,IMDQQPFSV,0
607,TCR1,IMDQVPFSV,IMDQRPFSV,0
608,TCR1,IMDQVPFSV,IMDQSPFSV,0
609,TCR1,IMDQVPFSV,IMDQTPFSV,0
610,TCR1,IMDQVPFSV,IMDQWPFSV,0
611,TCR1,IMDQVPFSV,IMDQYPFSV,0
612,TCR1,IMDQVPFSV,IMDQVAFSV,0
613,TCR1,IMDQVPFSV,IMDQVCFSV,0
614,TCR1,IMDQVPFSV,IMDQVDFSV,0
615,TCR1,IMDQVPFSV,IMDQVEFSV,0
616,TCR1,IMDQVPFSV,IMDQVFFSV,0
617,TCR1,IMDQVPFSV,IMDQVGFSV,0
618,TCR1,IMDQVPFSV,IMDQVHFSV,0
619,TCR1,IMDQVPFSV,IMDQVIFSV,0
620,TCR1,IMDQVPFSV,IMDQVKFSV,0
621,TCR1,IMDQVPFSV,IMDQVLFSV,0
622,TCR1,IMDQVPFSV,IMDQVMFSV,0
623,TCR1,IMDQVPFSV,IMDQVNFSV,0
624,TCR1,IMDQVPFSV,IMDQVQFSV,0
625,TCR1,IMDQVPFSV,IMDQVRFSV,0
626,TCR1,IMDQVPFSV,IMDQVSFSV,0
627,TCR1,IMDQVPFSV,IMDQVTFSV,0
628,TCR1,IMDQVPFSV,IMDQVVFSV,0
629,TCR1,IMDQVPFSV,IMDQVWFSV,2
630,TCR1,IMDQVPFSV,IMDQVYFSV,1
631,TCR1,IMDQVPFSV,IMDQVPASV,0
632,TCR1,IMDQVPFSV,IMDQVPCSV,2
633,TCR1,IMDQVPFSV,IMDQVPDSV,1
634,TCR1,IMDQVPFSV,IMDQVPESV,1
635,TCR1,IMDQVPFSV,IMDQVPGSV,1
636,TCR1,IMDQVPFSV,IMDQVPHSV,2
637,TCR1,IMDQVPFSV,IMDQVPISV,0
638,TCR1,IMDQVPFSV,IMDQVPKSV,0
639,TCR1,IMDQVPFSV,IMDQVPLSV,0
640,TCR1,IMDQVPFSV,IMDQVPMSV,0
641,TCR1,IMDQVPFSV,IMDQVPNSV,0
642,TCR1,IMDQVPFSV,IMDQVPPSV,0
643,TCR1,IMDQVPFSV,IMDQVPQSV,0
644,TCR1,IMDQVPFSV,IMDQVPRSV,0
645,TCR1,IMDQVPFSV,IMDQVPSSV,0
646,TCR1,IMDQVPFSV,IMDQVPTSV,0
647,TCR1,IMDQVPFSV,IMDQVPVSV,0
648,TCR1,IMDQVPFSV,IMDQVPWSV,2
649,TCR1,IMDQVPFSV,IMDQVPYSV,2
650,TCR1,IMDQVPFSV,IMDQVPFAV,1
651,TCR1,IMDQVPFSV,IMDQVPFCV,2
652,TCR1,IMDQVPFSV,IMDQVPFDV,2
653,TCR1,IMDQVPFSV,IMDQVPFEV,2
654,TCR1,IMDQVPFSV,IMDQVPFFV,2
655,TCR1,IMDQVPFSV,IMDQVPFGV,2
656,TCR1,IMDQVPFSV,IMDQVPFHV,2
657,TCR1,IMDQVPFSV,IMDQVPFIV,2
658,TCR1,IMDQVPFSV,IMDQVPFKV,1
659,TCR1,IMDQVPFSV,IMDQVPFLV,2
660,TCR1,IMDQVPFSV,IMDQVPFMV,1
661,TCR1,IMDQVPFSV,IMDQVPFNV,2
662,TCR1,IMDQVPFSV,IMDQVPFPV,0
663,TCR1,IMDQVPFSV,IMDQVPFQV,2
664,TCR1,IMDQVPFSV,IMDQVPFRV,1
665,TCR1,IMDQVPFSV,IMDQVPFTV,2
666,TCR1,IMDQVPFSV,IMDQVPFVV,2
667,TCR1,IMDQVPFSV,IMDQVPFWV,2
668,TCR1,IMDQVPFSV,IMDQVPFYV,2
669,TCR1,IMDQVPFSV,IMDQVPFSA,2
670,TCR1,IMDQVPFSV,IMDQVPFSC,2
671,TCR1,IMDQVPFSV,IMDQVPFSD,0
672,TCR1,IMDQVPFSV,IMDQVPFSE,1
673,TCR1,IMDQVPFSV,IMDQVPFSF,0
674,TCR1,IMDQVPFSV,IMDQVPFSG,1
675,TCR1,IMDQVPFSV,IMDQVPFSH,2
676,TCR1,IMDQVPFSV,IMDQVPFSI,1
677,TCR1,IMDQVPFSV,IMDQVPFSK,1
678,TCR1,IMDQVPFSV,IMDQVPFSL,1
679,TCR1,IMDQVPFSV,IMDQVPFSM,0
680,TCR1,IMDQVPFSV,IMDQVPFSN,0
681,TCR1,IMDQVPFSV,IMDQVPFSP,0
682,TCR1,IMDQVPFSV,IMDQVPFSQ,0
683,TCR1,IMDQVPFSV,IMDQVPFSR,0
684,TCR1,IMDQVPFSV,IMDQVPFSS,1
685,TCR1,IMDQVPFSV,IMDQVPFST,2
686,TCR1,IMDQVPFSV,IMDQVPFSW,0
687,TCR1,IMDQVPFSV,IMDQVPFSY,0
688,TCR1,IMDQVPFSV,IMDQVPFSV,2
689,TCR1,IMDQVPFSV,AMDQVPFSV,2
690,TCR1,IMDQVPFSV,CMDQVPFSV,2
691,TCR1,IMDQVPFSV,DMDQVPFSV,2
692,TCR1,IMDQVPFSV,EMDQVPFSV,2
693,TCR1,IMDQVPFSV,FMDQVPFSV,2
694,TCR1,IMDQVPFSV,GMDQVPFSV,2
695,TCR1,IMDQVPFSV,HMDQVPFSV,2
696,TCR1,IMDQVPFSV,KMDQVPFSV,2
697,TCR1,IMDQVPFSV,LMDQVPFSV,2
698,TCR1,IMDQVPFSV,MMDQVPFSV,2
699,TCR1,IMDQVPFSV,NMDQVPFSV,2
700,TCR1,IMDQVPFSV,PMDQVPFSV,2
701,TCR1,IMDQVPFSV,QMDQVPFSV,2
702,TCR1,IMDQVPFSV,RMDQVPFSV,2
703,TCR1,IMDQVPFSV,SMDQVPFSV,2
704,TCR1,IMDQVPFSV,TMDQVPFSV,2
705,TCR1,IMDQVPFSV,VMDQVPFSV,2
706,TCR1,IMDQVPFSV,WMDQVPFSV,2
707,TCR1,IMDQVPFSV,YMDQVPFSV,2
708,TCR1,IMDQVPFSV,IADQVPFSV,2
709,TCR1,IMDQVPFSV,ICDQVPFSV,2
710,TCR1,IMDQVPFSV,IDDQVPFSV,2
711,TCR1,IMDQVPFSV,IEDQVPFSV,2
712,TCR1,IMDQVPFSV,IFDQVPFSV,2
713,TCR1,IMDQVPFSV,IGDQVPFSV,2
714,TCR1,IMDQVPFSV,IHDQVPFSV,2
715,TCR1,IMDQVPFSV,IIDQVPFSV,2
716,TCR1,IMDQVPFSV,IKDQVPFSV,2
717,TCR1,IMDQVPFSV,ILDQVPFSV,2
718,TCR1,IMDQVPFSV,INDQVPFSV,2
719,TCR1,IMDQVPFSV,IPDQVPFSV,2
720,TCR1,IMDQVPFSV,IQDQVPFSV,2
721,TCR1,IMDQVPFSV,IRDQVPFSV,2
722,TCR1,IMDQVPFSV,ISDQVPFSV,2
723,TCR1,IMDQVPFSV,ITDQVPFSV,2
724,TCR1,IMDQVPFSV,IVDQVPFSV,2
725,TCR1,IMDQVPFSV,IWDQVPFSV,1
726,TCR1,IMDQVPFSV,IYDQVPFSV,2
727,TCR1,IMDQVPFSV,IMAQVPFSV,1
728,TCR1,IMDQVPFSV,IMCQVPFSV,1
729,TCR1,IMDQVPFSV,IMEQVPFSV,1
730,TCR1,IMDQVPFSV,IMFQVPFSV,1
731,TCR1,IMDQVPFSV,IMGQVPFSV,1
732,TCR1,IMDQVPFSV,IMHQVPFSV,1
733,TCR1,IMDQVPFSV,IMIQVPFSV,2
734,TCR1,IMDQVPFSV,IMKQVPFSV,2
735,TCR1,IMDQVPFSV,IMLQVPFSV,1
736,TCR1,IMDQVPFSV,IMMQVPFSV,1
737,TCR1,IMDQVPFSV,IMNQVPFSV,2
738,TCR1,IMDQVPFSV,IMPQVPFSV,2
739,TCR1,IMDQVPFSV,IMQQVPFSV,0
740,TCR1,IMDQVPFSV,IMRQVPFSV,2
741,TCR1,IMDQVPFSV,IMSQVPFSV,0
742,TCR1,IMDQVPFSV,IMTQVPFSV,0
743,TCR1,IMDQVPFSV,IMVQVPFSV,0
744,TCR1,IMDQVPFSV,IMWQVPFSV,2
745,TCR1,IMDQVPFSV,IMYQVPFSV,2
746,TCR1,IMDQVPFSV,IMDAVPFSV,2
747,TCR1,IMDQVPFSV,IMDCVPFSV,1
748,TCR1,IMDQVPFSV,IMDDVPFSV,0
749,TCR1,IMDQVPFSV,IMDEVPFSV,0
750,TCR1,IMDQVPFSV,IMDFVPFSV,0
751,TCR1,IMDQVPFSV,IMDGVPFSV,0
752,TCR1,IMDQVPFSV,IMDHVPFSV,0
753,TCR1,IMDQVPFSV,IMDIVPFSV,0
754,TCR1,IMDQVPFSV,IMDKVPFSV,1
755,TCR1,IMDQVPFSV,IMDLVPFSV,0
756,TCR1,IMDQVPFSV,IMDMVPFSV,2
757,TCR1,IMDQVPFSV,IMDNVPFSV,0
758,TCR1,IMDQVPFSV,IMDPVPFSV,0
759,TCR1,IMDQVPFSV,IMDRVPFSV,0
760,TCR1,IMDQVPFSV,IMDSVPFSV,1
761,TCR1,IMDQVPFSV,IMDTVPFSV,1
762,TCR1,IMDQVPFSV,IMDVVPFSV,2
763,TCR1,IMDQVPFSV,IMDWVPFSV,0
764,TCR1,IMDQVPFSV,IMDYVPFSV,0
765,TCR1,IMDQVPFSV,IMDQAPFSV,2
766,TCR1,IMDQVPFSV,IMDQCPFSV,2
767,TCR1,IMDQVPFSV,IMDQDPFSV,0
768,TCR1,IMDQVPFSV,IMDQEPFSV,1
769,TCR1,IMDQVPFSV,IMDQFPFSV,1
770,TCR1,IMDQVPFSV,IMDQGPFSV,0
771,TCR1,IMDQVPFSV,IMDQHPFSV,1
772,TCR1,IMDQVPFSV,IMDQIPFSV,2
773,TCR1,IMDQVPFSV,IMDQKPFSV,0
774,TCR1,IMDQVPFSV,IMDQLPFSV,0
775,TCR1,IMDQVPFSV,IMDQMPFSV,0
776,TCR1,IMDQVPFSV,IMDQNPFSV,0
777,TCR1,IMDQVPFSV,IMDQPPFSV,0
778,TCR1,IMDQVPFSV,IMDQQPFSV,0
779,TCR1,IMDQVPFSV,IMDQRPFSV,0
780,TCR1,IMDQVPFSV,IMDQSPFSV,1
781,TCR1,IMDQVPFSV,IMDQTPFSV,2
782,TCR1,IMDQVPFSV,IMDQWPFSV,0
783,TCR1,IMDQVPFSV,IMDQYPFSV,0
784,TCR1,IMDQVPFSV,IMDQVAFSV,0
785,TCR1,IMDQVPFSV,IMDQVCFSV,0
786,TCR1,IMDQVPFSV,IMDQVDFSV,0
787,TCR1,IMDQVPFSV,IMDQVEFSV,2
788,TCR1,IMDQVPFSV,IMDQVFFSV,0
789,TCR1,IMDQVPFSV,IMDQVGFSV,0
790,TCR1,IMDQVPFSV,IMDQVHFSV,0
791,TCR1,IMDQVPFSV,IMDQVIFSV,0
792,TCR1,IMDQVPFSV,IMDQVKFSV,0
793,TCR1,IMDQVPFSV,IMDQVLFSV,0
794,TCR1,IMDQVPFSV,IMDQVMFSV,0
795,TCR1,IMDQVPFSV,IMDQVNFSV,0
796,TCR1,IMDQVPFSV,IMDQVQFSV,2
797,TCR1,IMDQVPFSV,IMDQVRFSV,1
798,TCR1,IMDQVPFSV,IMDQVSFSV,0
799,TCR1,IMDQVPFSV,IMDQVTFSV,0
800,TCR1,IMDQVPFSV,IMDQVVFSV,0
801,TCR1,IMDQVPFSV,IMDQVWFSV,0
802,TCR1,IMDQVPFSV,IMDQVYFSV,0
803,TCR1,IMDQVPFSV,IMDQVPASV,1
804,TCR1,IMDQVPFSV,IMDQVPCSV,2
805,TCR1,IMDQVPFSV,IMDQVPDSV,0
806,TCR1,IMDQVPFSV,IMDQVPESV,0
807,TCR1,IMDQVPFSV,IMDQVPGSV,0
808,TCR1,IMDQVPFSV,IMDQVPHSV,0
809,TCR1,IMDQVPFSV,IMDQVPISV,0
810,TCR1,IMDQVPFSV,IMDQVPKSV,0
811,TCR1,IMDQVPFSV,IMDQVPLSV,0
812,TCR1,IMDQVPFSV,IMDQVPMSV,0
813,TCR1,IMDQVPFSV,IMDQVPNSV,0
814,TCR1,IMDQVPFSV,IMDQVPPSV,2
815,TCR1,IMDQVPFSV,IMDQVPQSV,0
816,TCR1,IMDQVPFSV,IMDQVPRSV,2
817,TCR1,IMDQVPFSV,IMDQVPSSV,0
818,TCR1,IMDQVPFSV,IMDQVPTSV,0
819,TCR1,IMDQVPFSV,IMDQVPVSV,1
820,TCR1,IMDQVPFSV,IMDQVPWSV,2
821,TCR1,IMDQVPFSV,IMDQVPYSV,2
822,TCR1,IMDQVPFSV,IMDQVPFAV,2
823,TCR1,IMDQVPFSV,IMDQVPFCV,2
824,TCR1,IMDQVPFSV,IMDQVPFDV,2
825,TCR1,IMDQVPFSV,IMDQVPFEV,2
826,TCR1,IMDQVPFSV,IMDQVPFFV,2
827,TCR1,IMDQVPFSV,IMDQVPFGV,2
828,TCR1,IMDQVPFSV,IMDQVPFHV,2
829,TCR1,IMDQVPFSV,IMDQVPFIV,2
830,TCR1,IMDQVPFSV,IMDQVPFKV,2
831,TCR1,IMDQVPFSV,IMDQVPFLV,2
832,TCR1,IMDQVPFSV,IMDQVPFMV,2
833,TCR1,IMDQVPFSV,IMDQVPFNV,2
834,TCR1,IMDQVPFSV,IMDQVPFPV,2
835,TCR1,IMDQVPFSV,IMDQVPFQV,2
836,TCR1,IMDQVPFSV,IMDQVPFRV,0
837,TCR1,IMDQVPFSV,IMDQVPFTV,2
838,TCR1,IMDQVPFSV,IMDQVPFVV,2
839,TCR1,IMDQVPFSV,IMDQVPFWV,0
840,TCR1,IMDQVPFSV,IMDQVPFYV,0
841,TCR1,IMDQVPFSV,IMDQVPFSA,2
842,TCR1,IMDQVPFSV,IMDQVPFSC,2
843,TCR1,IMDQVPFSV,IMDQVPFSD,1
844,TCR1,IMDQVPFSV,IMDQVPFSE,2
845,TCR1,IMDQVPFSV,IMDQVPFSF,2
846,TCR1,IMDQVPFSV,IMDQVPFSG,2
847,TCR1,IMDQVPFSV,IMDQVPFSH,2
848,TCR1,IMDQVPFSV,IMDQVPFSI,2
849,TCR1,IMDQVPFSV,IMDQVPFSK,1
850,TCR1,IMDQVPFSV,IMDQVPFSL,2
851,TCR1,IMDQVPFSV,IMDQVPFSM,2
852,TCR1,IMDQVPFSV,IMDQVPFSN,2
853,TCR1,IMDQVPFSV,IMDQVPFSP,2
854,TCR1,IMDQVPFSV,IMDQVPFSQ,2
855,TCR1,IMDQVPFSV,IMDQVPFSR,1
856,TCR1,IMDQVPFSV,IMDQVPFSS,2
857,TCR1,IMDQVPFSV,IMDQVPFST,2
858,TCR1,IMDQVPFSV,IMDQVPFSW,0
859,TCR1,IMDQVPFSV,IMDQVPFSY,1
860,TCR1,IMDQVPFSV,IMDQVPFSV,2
861,TCR1,IMDQVPFSV,AMDQVPFSV,0
862,TCR1,IMDQVPFSV,CMDQVPFSV,0
863,TCR1,IMDQVPFSV,DMDQVPFSV,0
864,TCR1,IMDQVPFSV,EMDQVPFSV,0
865,TCR1,IMDQVPFSV,FMDQVPFSV,1
866,TCR1,IMDQVPFSV,GMDQVPFSV,0
867,TCR1,IMDQVPFSV,HMDQVPFSV,2
868,TCR1,IMDQVPFSV,KMDQVPFSV,0
869,TCR1,IMDQVPFSV,LMDQVPFSV,2
870,TCR1,IMDQVPFSV,MMDQVPFSV,1
871,TCR1,IMDQVPFSV,NMDQVPFSV,0
872,TCR1,IMDQVPFSV,PMDQVPFSV,0
873,TCR1,IMDQVPFSV,QMDQVPFSV,0
874,TCR1,IMDQVPFSV,RMDQVPFSV,0
875,TCR1,IMDQVPFSV,SMDQVPFSV,0
876,TCR1,IMDQVPFSV,TMDQVPFSV,0
877,TCR1,IMDQVPFSV,VMDQVPFSV,1
878,TCR1,IMDQVPFSV,WMDQVPFSV,1
879,TCR1,IMDQVPFSV,YMDQVPFSV,0
880,TCR1,IMDQVPFSV,IADQVPFSV,0
881,TCR1,IMDQVPFSV,ICDQVPFSV,0
882,TCR1,IMDQVPFSV,IDDQVPFSV,0
883,TCR1,IMDQVPFSV,IEDQVPFSV,1
884,TCR1,IMDQVPFSV,IFDQVPFSV,2
885,TCR1,IMDQVPFSV,IGDQVPFSV,1
886,TCR1,IMDQVPFSV,IHDQVPFSV,1
887,TCR1,IMDQVPFSV,IIDQVPFSV,0
888,TCR1,IMDQVPFSV,IKDQVPFSV,1
889,TCR1,IMDQVPFSV,ILDQVPFSV,1
890,TCR1,IMDQVPFSV,INDQVPFSV,0
891,TCR1,IMDQVPFSV,IPDQVPFSV,0
892,TCR1,IMDQVPFSV,IQDQVPFSV,0
893,TCR1,IMDQVPFSV,IRDQVPFSV,1
894,TCR1,IMDQVPFSV,ISDQVPFSV,2
895,TCR1,IMDQVPFSV,ITDQVPFSV,0
896,TCR1,IMDQVPFSV,IVDQVPFSV,2
897,TCR1,IMDQVPFSV,IWDQVPFSV,0
898,TCR1,IMDQVPFSV,IYDQVPFSV,0
899,TCR1,IMDQVPFSV,IMAQVPFSV,0
900,TCR1,IMDQVPFSV,IMCQVPFSV,1
901,TCR1,IMDQVPFSV,IMEQVPFSV,0
902,TCR1,IMDQVPFSV,IMFQVPFSV,0
903,TCR1,IMDQVPFSV,IMGQVPFSV,0
904,TCR1,IMDQVPFSV,IMHQVPFSV,0
905,TCR1,IMDQVPFSV,IMIQVPFSV,1
906,TCR1,IMDQVPFSV,IMKQVPFSV,0
907,TCR1,IMDQVPFSV,IMLQVPFSV,1
908,TCR1,IMDQVPFSV,IMMQVPFSV,0
909,TCR1,IMDQVPFSV,IMNQVPFSV,1
910,TCR1,IMDQVPFSV,IMPQVPFSV,0
911,TCR1,IMDQVPFSV,IMQQVPFSV,0
912,TCR1,IMDQVPFSV,IMRQVPFSV,0
913,TCR1,IMDQVPFSV,IMSQVPFSV,0
914,TCR1,IMDQVPFSV,IMTQVPFSV,0
915,TCR1,IMDQVPFSV,IMVQVPFSV,0
916,TCR1,IMDQVPFSV,IMWQVPFSV,0
917,TCR1,IMDQVPFSV,IMYQVPFSV,1
918,TCR1,IMDQVPFSV,IMDAVPFSV,1
919,TCR1,IMDQVPFSV,IMDCVPFSV,1
920,TCR1,IMDQVPFSV,IMDDVPFSV,0
921,TCR1,IMDQVPFSV,IMDEVPFSV,0
922,TCR1,IMDQVPFSV,IMDFVPFSV,1
923,TCR1,IMDQVPFSV,IMDGVPFSV,0
924,TCR1,IMDQVPFSV,IMDHVPFSV,1
925,TCR1,IMDQVPFSV,IMDIVPFSV,0
926,TCR1,IMDQVPFSV,IMDKVPFSV,0
927,TCR1,IMDQVPFSV,IMDLVPFSV,1
928,TCR1,IMDQVPFSV,IMDMVPFSV,2
929,TCR1,IMDQVPFSV,IMDNVPFSV,0
930,TCR1,IMDQVPFSV,IMDPVPFSV,0
931,TCR1,IMDQVPFSV,IMDRVPFSV,0
932,TCR1,IMDQVPFSV,IMDSVPFSV,0
933,TCR1,IMDQVPFSV,IMDTVPFSV,0
934,TCR1,IMDQVPFSV,IMDVVPFSV,1
935,TCR1,IMDQVPFSV,IMDWVPFSV,2
936,TCR1,IMDQVPFSV,IMDYVPFSV,0
937,TCR1,IMDQVPFSV,IMDQAPFSV,1
938,TCR1,IMDQVPFSV,IMDQCPFSV,2
939,TCR1,IMDQVPFSV,IMDQDPFSV,1
940,TCR1,IMDQVPFSV,IMDQEPFSV,2
941,TCR1,IMDQVPFSV,IMDQFPFSV,0
942,TCR1,IMDQVPFSV,IMDQGPFSV,1
943,TCR1,IMDQVPFSV,IMDQHPFSV,0
944,TCR1,IMDQVPFSV,IMDQIPFSV,2
945,TCR1,IMDQVPFSV,IMDQKPFSV,2
946,TCR1,IMDQVPFSV,IMDQLPFSV,1
947,TCR1,IMDQVPFSV,IMDQMPFSV,2
948,TCR1,IMDQVPFSV,IMDQNPFSV,1
949,TCR1,IMDQVPFSV,IMDQPPFSV,2
950,TCR1,IMDQVPFSV,IMDQQPFSV,1
951,TCR1,IMDQVPFSV,IMDQRPFSV,1
952,TCR1,IMDQVPFSV,IMDQSPFSV,2
953,TCR1,IMDQVPFSV,IMDQTPFSV,1
954,TCR1,IMDQVPFSV,IMDQWPFSV,1
955,TCR1,IMDQVPFSV,IMDQYPFSV,0
956,TCR1,IMDQVPFSV,IMDQVAFSV,0
957,TCR1,IMDQVPFSV,IMDQVCFSV,0
958,TCR1,IMDQVPFSV,IMDQVDFSV,0
959,TCR1,IMDQVPFSV,IMDQVEFSV,1
960,TCR1,IMDQVPFSV,IMDQVFFSV,0
961,TCR1,IMDQVPFSV,IMDQVGFSV,0
962,TCR1,IMDQVPFSV,IMDQVHFSV,0
963,TCR1,IMDQVPFSV,IMDQVIFSV,0
964,TCR1,IMDQVPFSV,IMDQVKFSV,0
965,TCR1,IMDQVPFSV,IMDQVLFSV,0
966,TCR1,IMDQVPFSV,IMDQVMFSV,0
967,TCR1,IMDQVPFSV,IMDQVNFSV,0
968,TCR1,IMDQVPFSV,IMDQVQFSV,0
969,TCR1,IMDQVPFSV,IMDQVRFSV,0
970,TCR1,IMDQVPFSV,IMDQVSFSV,0
971,TCR1,IMDQVPFSV,IMDQVTFSV,0
972,TCR1,IMDQVPFSV,IMDQVVFSV,0
973,TCR1,IMDQVPFSV,IMDQVWFSV,0
974,TCR1,IMDQVPFSV,IMDQVYFSV,0
975,TCR1,IMDQVPFSV,IMDQVPASV,2
976,TCR1,IMDQVPFSV,IMDQVPCSV,0
977,TCR1,IMDQVPFSV,IMDQVPDSV,1
978,TCR1,IMDQVPFSV,IMDQVPESV,2
979,TCR1,IMDQVPFSV,IMDQVPGSV,0
980,TCR1,IMDQVPFSV,IMDQVPHSV,2
981,TCR1,IMDQVPFSV,IMDQVPISV,1
982,TCR1,IMDQVPFSV,IMDQVPKSV,0
983,TCR1,IMDQVPFSV,IMDQVPLSV,0
984,TCR1,IMDQVPFSV,IMDQVPMSV,1
985,TCR1,IMDQVPFSV,IMDQVPNSV,1
986,TCR1,IMDQVPFSV,IMDQVPPSV,2
987,TCR1,IMDQVPFSV,IMDQVPQSV,0
988,TCR1,IMDQVPFSV,IMDQVPRSV,0
989,TCR1,IMDQVPFSV,IMDQVPSSV,2
990,TCR1,IMDQVPFSV,IMDQVPTSV,2
991,TCR1,IMDQVPFSV,IMDQVPVSV,0
992,TCR1,IMDQVPFSV,IMDQVPWSV,2
993,TCR1,IMDQVPFSV,IMDQVPYSV,2
994,TCR1,IMDQVPFSV,IMDQVPFAV,2
995,TCR1,IMDQVPFSV,IMDQVPFCV,2
996,TCR1,IMDQVPFSV,IMDQVPFDV,2
997,TCR1,IMDQVPFSV,IMDQVPFEV,2
998,TCR1,IMDQVPFSV,IMDQVPFFV,2
999,TCR1,IMDQVPFSV,IMDQVPFGV,2
1000,TCR1,IMDQVPFSV,IMDQVPFHV,2
1001,TCR1,IMDQVPFSV,IMDQVPFIV,2
1002,TCR1,IMDQVPFSV,IMDQVPFKV,2
1003,TCR1,IMDQVPFSV,IMDQVPFLV,2
1004,TCR1,IMDQVPFSV,IMDQVPFMV,2
1005,TCR1,IMDQVPFSV,IMDQVPFNV,2
1006,TCR1,IMDQVPFSV,IMDQVPFPV,2
1007,TCR1,IMDQVPFSV,IMDQVPFQV,2
1008,TCR1,IMDQVPFSV,IMDQVPFRV,2
1009,TCR1,IMDQVPFSV,IMDQVPFTV,2
1010,TCR1,IMDQVPFSV,IMDQVPFVV,2
1011,TCR1,IMDQVPFSV,IMDQVPFWV,2
1012,TCR1,IMDQVPFSV,IMDQVPFYV,2
1013,TCR1,IMDQVPFSV,IMDQVPFSA,2
1014,TCR1,IMDQVPFSV,IMDQVPFSC,2
1015,TCR1,IMDQVPFSV,IMDQVPFSD,0
1016,TCR1,IMDQVPFSV,IMDQVPFSE,1
1017,TCR1,IMDQVPFSV,IMDQVPFSF,0
1018,TCR1,IMDQVPFSV,IMDQVPFSG,2
1019,TCR1,IMDQVPFSV,IMDQVPFSH,2
1020,TCR1,IMDQVPFSV,IMDQVPFSI,2
1021,TCR1,IMDQVPFSV,IMDQVPFSK,1
1022,TCR1,IMDQVPFSV,IMDQVPFSL,2
1023,TCR1,IMDQVPFSV,IMDQVPFSM,2
1024,TCR1,IMDQVPFSV,IMDQVPFSN,1
1025,TCR1,IMDQVPFSV,IMDQVPFSP,1
1026,TCR1,IMDQVPFSV,IMDQVPFSQ,1
1027,TCR1,IMDQVPFSV,IMDQVPFSR,0
1028,TCR1,IMDQVPFSV,IMDQVPFSS,2
1029,TCR1,IMDQVPFSV,IMDQVPFST,2
1030,TCR1,IMDQVPFSV,IMDQVPFSW,0
1031,TCR1,IMDQVPFSV,IMDQVPFSY,0
1032,TCR1,GRLKALCQR,GRLKALCQR,2
1033,TCR1,GRLKALCQR,ARLKALCQR,2
1034,TCR1,GRLKALCQR,CRLKALCQR,2
1035,TCR1,GRLKALCQR,DRLKALCQR,1
1036,TCR1,GRLKALCQR,ERLKALCQR,2
1037,TCR1,GRLKALCQR,FRLKALCQR,2
1038,TCR1,GRLKALCQR,HRLKALCQR,2
1039,TCR1,GRLKALCQR,IRLKALCQR,2
1040,TCR1,GRLKALCQR,KRLKALCQR,2
1041,TCR1,GRLKALCQR,LRLKALCQR,2
1042,TCR1,GRLKALCQR,MRLKALCQR,2
1043,TCR1,GRLKALCQR,NRLKALCQR,2
1044,TCR1,GRLKALCQR,PRLKALCQR,1
1045,TCR1,GRLKALCQR,QRLKALCQR,2
1046,TCR1,GRLKALCQR,RRLKALCQR,2
1047,TCR1,GRLKALCQR,SRLKALCQR,2
1048,TCR1,GRLKALCQR,TRLKALCQR,2
1049,TCR1,GRLKALCQR,VRLKALCQR,2
1050,TCR1,GRLKALCQR,WRLKALCQR,2
1051,TCR1,GRLKALCQR,YRLKALCQR,2
1052,TCR1,GRLKALCQR,GALKALCQR,0
1053,TCR1,GRLKALCQR,GCLKALCQR,1
1054,TCR1,GRLKALCQR,GDLKALCQR,0
1055,TCR1,GRLKALCQR,GELKALCQR,0
1056,TCR1,GRLKALCQR,GFLKALCQR,0
1057,TCR1,GRLKALCQR,GGLKALCQR,0
1058,TCR1,GRLKALCQR,GHLKALCQR,2
1059,TCR1,GRLKALCQR,GILKALCQR,2
1060,TCR1,GRLKALCQR,GKLKALCQR,0
1061,TCR1,GRLKALCQR,GLLKALCQR,0
1062,TCR1,GRLKALCQR,GMLKALCQR,1
1063,TCR1,GRLKALCQR,GNLKALCQR,1
1064,TCR1,GRLKALCQR,GPLKALCQR,1
1065,TCR1,GRLKALCQR,GQLKALCQR,2
1066,TCR1,GRLKALCQR,GSLKALCQR,0
1067,TCR1,GRLKALCQR,GTLKALCQR,0
1068,TCR1,GRLKALCQR,GVLKALCQR,0
1069,TCR1,GRLKALCQR,GWLKALCQR,0
1070,TCR1,GRLKALCQR,GYLKALCQR,0
1071,TCR1,GRLKALCQR,GRAKALCQR,2
1072,TCR1,GRLKALCQR,GRCKALCQR,2
1073,TCR1,GRLKALCQR,GRDKALCQR,2
1074,TCR1,GRLKALCQR,GREKALCQR,2
1075,TCR1,GRLKALCQR,GRFKALCQR,0
1076,TCR1,GRLKALCQR,GRGKALCQR,2
1077,TCR1,GRLKALCQR,GRHKALCQR,1
1078,TCR1,GRLKALCQR,GRIKALCQR,0
1079,TCR1,GRLKALCQR,GRKKALCQR,1
1080,TCR1,GRLKALCQR,GRMKALCQR,2
1081,TCR1,GRLKALCQR,GRNKALCQR,1
1082,TCR1,GRLKALCQR,GRPKALCQR,0
1083,TCR1,GRLKALCQR,GRQKALCQR,1
1084,TCR1,GRLKALCQR,GRRKALCQR,0
1085,TCR1,GRLKALCQR,GRSKALCQR,1
1086,TCR1,GRLKALCQR,GRTKALCQR,0
1087,TCR1,GRLKALCQR,GRVKALCQR,0
1088,TCR1,GRLKALCQR,GRWKALCQR,0
1089,TCR1,GRLKALCQR,GRYKALCQR,0
1090,TCR1,GRLKALCQR,GRLAALCQR,0
1091,TCR1,GRLKALCQR,GRLCALCQR,0
1092,TCR1,GRLKALCQR,GRLDALCQR,1
1093,TCR1,GRLKALCQR,GRLEALCQR,0
1094,TCR1,GRLKALCQR,GRLFALCQR,0
1095,TCR1,GRLKALCQR,GRLGALCQR,0
1096,TCR1,GRLKALCQR,GRLHALCQR,0
1097,TCR1,GRLKALCQR,GRLIALCQR,0
1098,TCR1,GRLKALCQR,GRLLALCQR,0
1099,TCR1,GRLKALCQR,GRLMALCQR,0
1100,TCR1,GRLKALCQR,GRLNALCQR,0
1101,TCR1,GRLKALCQR,GRLPALCQR,0
1102,TCR1,GRLKALCQR,GRLQALCQR,0
1103,TCR1,GRLKALCQR,GRLRALCQR,1
1104,TCR1,GRLKALCQR,GRLSALCQR,0
1105,TCR1,GRLKALCQR,GRLTALCQR,0
1106,TCR1,GRLKALCQR,GRLVALCQR,0
1107,TCR1,GRLKALCQR,GRLWALCQR,0
1108,TCR1,GRLKALCQR,GRLYALCQR,0
1109,TCR1,GRLKALCQR,GRLKCLCQR,0
1110,TCR1,GRLKALCQR,GRLKDLCQR,0
1111,TCR1,GRLKALCQR,GRLKELCQR,1
1112,TCR1,GRLKALCQR,GRLKFLCQR,0
1113,TCR1,GRLKALCQR,GRLKGLCQR,1
1114,TCR1,GRLKALCQR,GRLKHLCQR,0
1115,TCR1,GRLKALCQR,GRLKILCQR,0
1116,TCR1,GRLKALCQR,GRLKKLCQR,0
1117,TCR1,GRLKALCQR,GRLKLLCQR,0
1118,TCR1,GRLKALCQR,GRLKMLCQR,0
1119,TCR1,GRLKALCQR,GRLKNLCQR,0
1120,TCR1,GRLKALCQR,GRLKPLCQR,2
1121,TCR1,GRLKALCQR,GRLKQLCQR,0
1122,TCR1,GRLKALCQR,GRLKRLCQR,0
1123,TCR1,GRLKALCQR,GRLKSLCQR,0
1124,TCR1,GRLKALCQR,GRLKTLCQR,0
1125,TCR1,GRLKALCQR,GRLKVLCQR,0
1126,TCR1,GRLKALCQR,GRLKWLCQR,0
1127,TCR1,GRLKALCQR,GRLKYLCQR,0
1128,TCR1,GRLKALCQR,GRLKAACQR,0
1129,TCR1,GRLKALCQR,GRLKACCQR,0
1130,TCR1,GRLKALCQR,GRLKADCQR,0
1131,TCR1,GRLKALCQR,GRLKAECQR,0
1132,TCR1,GRLKALCQR,GRLKAFCQR,0
1133,TCR1,GRLKALCQR,GRLKAGCQR,0
1134,TCR1,GRLKALCQR,GRLKAHCQR,0
1135,TCR1,GRLKALCQR,GRLKAICQR,2
1136,TCR1,GRLKALCQR,GRLKAKCQR,0
1137,TCR1,GRLKALCQR,GRLKAMCQR,2
1138,TCR1,GRLKALCQR,GRLKANCQR,0
1139,TCR1,GRLKALCQR,GRLKAPCQR,0
1140,TCR1,GRLKALCQR,GRLKAQCQR,2
1141,TCR1,GRLKALCQR,GRLKARCQR,1
1142,TCR1,GRLKALCQR,GRLKASCQR,0
1143,TCR1,GRLKALCQR,GRLKATCQR,2
1144,TCR1,GRLKALCQR,GRLKAVCQR,2
1145,TCR1,GRLKALCQR,GRLKAWCQR,1
1146,TCR1,GRLKALCQR,GRLKAYCQR,0
1147,TCR1,GRLKALCQR,GRLKALAQR,0
1148,TCR1,GRLKALCQR,GRLKALDQR,0
1149,TCR1,GRLKALCQR,GRLKALEQR,0
1150,TCR1,GRLKALCQR,GRLKALFQR,0
1151,TCR1,GRLKALCQR,GRLKALGQR,1
1152,TCR1,GRLKALCQR,GRLKALHQR,0
1153,TCR1,GRLKALCQR,GRLKALIQR,0
1154,TCR1,GRLKALCQR,GRLKALKQR,0
1155,TCR1,GRLKALCQR,GRLKALLQR,0
1156,TCR1,GRLKALCQR,GRLKALMQR,0
1157,TCR1,GRLKALCQR,GRLKALNQR,0
1158,TCR1,GRLKALCQR,GRLKALPQR,0
1159,TCR1,GRLKALCQR,GRLKALQQR,0
1160,TCR1,GRLKALCQR,GRLKALRQR,0
1161,TCR1,GRLKALCQR,GRLKALSQR,0
1162,TCR1,GRLKALCQR,GRLKALTQR,0
1163,TCR1,GRLKALCQR,GRLKALVQR,0
1164,TCR1,GRLKALCQR,GRLKALWQR,0
1165,TCR1,GRLKALCQR,GRLKALYQR,1
1166,TCR1,GRLKALCQR,GRLKALCAR,2
1167,TCR1,GRLKALCQR,GRLKALCCR,1
1168,TCR1,GRLKALCQR,GRLKALCDR,1
1169,TCR1,GRLKALCQR,GRLKALCER,0
1170,TCR1,GRLKALCQR,GRLKALCFR,1
1171,TCR1,GRLKALCQR,GRLKALCGR,1
1172,TCR1,GRLKALCQR,GRLKALCHR,2
1173,TCR1,GRLKALCQR,GRLKALCIR,2
1174,TCR1,GRLKALCQR,GRLKALCKR,2
1175,TCR1,GRLKALCQR,GRLKALCLR,2
1176,TCR1,GRLKALCQR,GRLKALCMR,2
1177,TCR1,GRLKALCQR,GRLKALCNR,2
1178,TCR1,GRLKALCQR,GRLKALCPR,1
1179,TCR1,GRLKALCQR,GRLKALCRR,2
1180,TCR1,GRLKALCQR,GRLKALCSR,2
1181,TCR1,GRLKALCQR,GRLKALCTR,2
1182,TCR1,GRLKALCQR,GRLKALCVR,2
1183,TCR1,GRLKALCQR,GRLKALCWR,2
1184,TCR1,GRLKALCQR,GRLKALCYR,2
1185,TCR1,GRLKALCQR,GRLKALCQA,2
1186,TCR1,GRLKALCQR,GRLKALCQC,2
1187,TCR1,GRLKALCQR,GRLKALCQD,2
1188,TCR1,GRLKALCQR,GRLKALCQE,1
1189,TCR1,GRLKALCQR,GRLKALCQF,2
1190,TCR1,GRLKALCQR,GRLKALCQG,2
1191,TCR1,GRLKALCQR,GRLKALCQH,2
1192,TCR1,GRLKALCQR,GRLKALCQI,2
1193,TCR1,GRLKALCQR,GRLKALCQK,2
1194,TCR1,GRLKALCQR,GRLKALCQL,2
1195,TCR1,GRLKALCQR,GRLKALCQM,2
1196,TCR1,GRLKALCQR,GRLKALCQN,2
1197,TCR1,GRLKALCQR,GRLKALCQP,0
1198,TCR1,GRLKALCQR,GRLKALCQQ,2
1199,TCR1,GRLKALCQR,GRLKALCQS,2
1200,TCR1,GRLKALCQR,GRLKALCQT,2
1201,TCR1,GRLKALCQR,GRLKALCQV,2
1202,TCR1,GRLKALCQR,GRLKALCQW,2
1203,TCR1,GRLKALCQR,GRLKALCQY,2
